File Name,Color Mode,Resolution,Mean Pixel Value,Median Pixel Value,Max Pixel Value,Min Pixel Value,Log Trace,Difference-Axis0,Difference-Axis1,Number of IMFs,RMSE
DATA/00025.jpg,RGB,"(453, 604, 3)",102.44982432544381,83.0,255,0,10.886059036980901,220,217,27,6.208127900833139
DATA/00026.jpg,RGB,"(417, 628, 3)",148.3279198297413,185.0,255,0,11.093726477407422,204,187,27,15.056758852155845
