File Name,Color Mode,Resolution,Mean Pixel Value,Median Pixel Value,Max Pixel Value,Min Pixel Value,Number of IMFs,RMSE
DATA/00001.jpg,Grey,"(400, 600)",131.09705,129.0,255,8,2,8.658192353324014e-15
DATA/00002.jpg,Grey,"(675, 900)",122.63325596707818,132.0,255,0,2,7.355573895778015e-15
DATA/00003.jpg,Grey,"(480, 640)",110.97999348958334,109.0,255,0,2,7.876774816102638e-15
