File Name,Color Mode,Resolution,Mean Pixel Value,Median Pixel Value,Max Pixel Value,Min Pixel Value,Log Trace,Difference-Axis0,Difference-Axis1,Number of IMFs,RMSE,Trace
DATA/00025.jpg,Grey,"(453, 604)",104.9443664751546,87.0,255,0,,217,217,9,6.246976839624058,10.899180787196395
DATA/00026.jpg,Grey,"(417, 628)",147.80604179077122,184.0,255,0,,204,187,9,13.987338177638565,11.088659727398346
DATA/00027.jpg,Grey,"(418, 630)",123.05844155844156,134.0,255,0,,213,223,9,17.249554980218264,10.96247504642097
DATA/00028.jpg,Grey,"(412, 620)",152.37181334168494,166.0,255,0,11.135479138929584,217,187,9,23.753318476930744,
DATA/00030.jpg,Grey,"(592, 896)",110.34799182553088,98.0,255,0,11.185296015408854,255,240,10,14.131655070127453,
DATA/00032.jpg,Grey,"(375, 500)",110.537568,91.0,255,2,10.801716141591875,137,128,8,14.376433709680148,
