File Name,Shape,No IMFs,Time,RMSE
DATA/00025.jpg,"(453, 604)",9,83.7722545,1.52e-14
DATA/00026.jpg,"(417, 628)",9,112.70435829999998,1.87e-14
DATA/00027.jpg,"(418, 630)",9,199.3822767,1.72e-14
DATA/00028.jpg,"(412, 620)",9,82.33957,1.87e-14
DATA/00030.jpg,"(592, 896)",10,202.3983842,1.689000457823132e-14
DATA/00032.jpg,"(375, 500)",8,75.07706040000002,1.4946312470625612e-14
DATA/00034.jpg,"(480, 640)",9,161.4583558,1.8774832275872357e-14
DATA/00036.jpg,"(250, 580)",8,64.03394759999998,1.5622396144513586e-14
