File Name,Shape,No IMFs,Time,RMSE
DATA/00025.jpg,"(453, 604)",9,83.7722545,1.52E-14
DATA/00026.jpg,"(417, 628)",9,112.7043583,1.87E-14
DATA/00027.jpg,"(418, 630)",9,199.3822767,1.72E-14
DATA/00028.jpg,"(412, 620)",9,82.33957,1.87E-14
